ALPHA:1e-05, MAX_ITER: 5, TOL:0.0001, TOPK:20
{'precision': 0.005869275233437137, 'recall': 0.008033392536552634, 'MAP': 0.007568878349225169}

